name,lastName,email
Melony,McAdam,mmcadam0@t.co
Lennard,Perris,lperris1@flavors.me
Alonzo,Bertson,abertson2@google.nl
Becky,Thirst,bthirst3@csmonitor.com
Keriann,Baptiste,kbaptiste4@adobe.com
Kiersten,Heiner,kheiner5@state.gov
Karyn,Darco,kdarco6@chronoengine.com
Renie,Bromige,rbromige7@nhs.uk
Derrik,Yeandel,dyeandel8@sitemeter.com
Sebastien,Ciottoi,sciottoi9@cdc.gov
Cordie,Pabst,cpabsta@soup.io
Rodd,Tamblingson,rtamblingsonb@symantec.com
Kore,Freak,kfreakc@apple.com
Stearn,Reichelt,sreicheltd@vkontakte.ru
Lilyan,Leyden,lleydene@ask.com
Erda,Labrom,elabromf@ow.ly
Catina,Strippel,cstrippelg@exblog.jp
Renaldo,Skeffington,rskeffingtonh@google.fr
Mozes,Haxley,mhaxleyi@bigcartel.com
Sean,Onians,soniansj@sbwire.com
